Workbook

Sheet 📋 Tracker
A1: 🎓 APS APPLICATION TRACKER — Document Verification Portal
A2: Track application status, days elapsed, professor contacts, academic scores & APS probability
A3: SR # | B3: SUBMISSION # | C3: FULL NAME | D3: EMAIL | E3: APPLIED UNIVERSITY | F3: GENDER | G3: DOB | H3: PASSPORT # | I3: CONTACT | J3: DATE OF PAYMENT | K3: APS RECEIVED DATE | L3: DAYS ELAPSED | M3: STATUS | N3: 10TH % | O3: 12TH % | P3: BACHELOR COURSE | Q3: BACHELOR COLLEGE | R3: BACHELOR CITY/STATE | S3: BACHELOR UNIVERSITY | T3: BACHELOR PASS YEAR | U3: BACHELOR % / CGPA | V3: PROFESSOR EMAIL | W3: MASTER COURSE | X3: MASTER COLLEGE | Y3: MASTER UNIVERSITY | Z3: MASTER PASS YEAR | AA3: MASTER % / CGPA | AB3: LANG CERT | AC3: LANG SCORE
A4: 1 | B4: 328041 | C4: Abhishek Chaurasia | D4: abhishekchaurasia590@gmail.com | F4: Male | G4: 23/07/2000 | H4: W4809948 | I4: 7045384665 | J4: 03/12/2025 | K4: 21/01/2026 | L4: =IF(K4<>"",K4-J4,TODAY()-DATE(MID(J4,7,4),MID(J4,4,2),LEFT(J4,2))) | M4: APS Received | N4: 48.4 | O4: 49.23 | P4: B.Com | Q4: Reena Mehta College | R4: Thane | S4: Mumbai University | T4: 2020 | U4: 5.5 CGPA | V4: enquiry@rmc.edu.in | W4: MBA | X4: Rohidas Patil Institute | Y4: Mumbai University | Z4: 2022 | AA4: 7.7 CGPA
A5: 2 | B5: 325697 | C5: Anjum Biradar | D5: anjum.bds@gmail.com | F5: Female | G5: 01/06/1987 | H5: C0301882 | I5: 9986437428 | J5: 19/11/2025 | L5: =IF(K5<>"",K5-J5,TODAY()-DATE(MID(J5,7,4),MID(J5,4,2),LEFT(J5,2))) | M5: Pending | N5: 81.73 | O5: 80.33 | P5: BDS | Q5: R.V Dental College | R5: Bangalore | S5: Rajiv Gandhi Univ of Health Sciences | T5: 2009 | U5: 61.1% / 6.4 CGPA | V5: examination@rguhs.ac.in | W5: PG Diploma | X5: Symbiosis Centre of Health Care | Y5: Symbiosis | Z5: 2014 | AA5: 63.6%
A6: 3 | B6: 351267 | C6: Atul Tayade | D6: tayadeat@gmail.com | F6: Male | G6: 31/12/1988 | H6: AP478200 | I6: 9595872573 | J6: 02/04/2026 | L6: =IF(K6<>"",K6-J6,TODAY()-DATE(MID(J6,7,4),MID(J6,4,2),LEFT(J6,2))) | M6: Pending | N6: 77.6 | O6: 76.17 | P6: BE | Q6: VIIT | R6: Bhusawal | S6: Pune University | T6: 2012 | U6: 49.56% | V6: manohar.kodmelwar@viit.ac.in
A7: 4 | B7: 328137 | C7: Digambar Pawar | D7: dspawar45@hotmail.com | F7: Male | G7: 19/10/1991 | H7: Z8185695 | I7: 9403725008 | J7: 04/12/2025 | K7: 29/01/2026 | L7: =IF(K7<>"",K7-J7,TODAY()-DATE(MID(J7,7,4),MID(J7,4,2),LEFT(J7,2))) | M7: APS Received | N7: 57.23 | O7: 56.67 | P7: B.Tech | Q7: Dept of Technology Shivaji University | R7: Miraj | S7: Shivaji University | T7: 2014 | U7: 64.9% | V7: cja_tech@unishivaji.ac.in
A8: 5 | B8: 350141 | C8: Faiq Faiq | D8: Faiqrizi123@gmail.com | F8: Female | G8: 14/06/1993 | H8: U4858809 | I8: 7051750800 | J8: 26/03/2026 | K8: 28/04/2026 | L8: =IF(K8<>"",K8-J8,TODAY()-DATE(MID(J8,7,4),MID(J8,4,2),LEFT(J8,2))) | M8: APS Received | N8: 86 | O8: 63 | P8: B.Tech | Q8: BUEST | R8: Srinagar | S8: Baddi University | T8: 2019 | U8: 50% / 5.0 CGPA | V8: registrar@baddiuniv.ac.in
A9: 6 | B9: 339028 | C9: Gaurav | D9: gauravjx12@gmail.com | F9: Male | G9: 12/11/1995 | H9: W4984243 | I9: 7056319981 | J9: 02/02/2026 | K9: 16/03/2026 | L9: =IF(K9<>"",K9-J9,TODAY()-DATE(MID(J9,7,4),MID(J9,4,2),LEFT(J9,2))) | M9: APS Received | N9: 77.9 | O9: 67 | P9: B.Tech | Q9: YMCA University | R9: Bahadurgarh | S9: YMCA University of Sci & Tech | T9: 2016 | U9: 50% | V9: result001@jcboseust.ac.in
A10: 7 | B10: 352448 | C10: Hemanth Urs H R | D10: hemanthurs8@gmail.com | F10: Male | G10: 24/03/2002 | H10: AL490525 | I10: 9686593524 | J10: 10/04/2026 | L10: =IF(K10<>"",K10-J10,TODAY()-DATE(MID(J10,7,4),MID(J10,4,2),LEFT(J10,2))) | M10: Pending | N10: 76 | O10: N/A | P10: BE | Q10: Malnad College of Engineering | R10: Hassan | S10: Visvesvaraya Tech University | T10: 2025 | U10: 7.0 CGPA | W10: Still Studying
A11: 8 | B11: 339274 | C11: Lakshana Ragunathan | D11: lakshanar029@gmail.com | F11: Female | G11: 29/06/2003 | H11: AF037641 | I11: 9345881682 | J11: 03/02/2026 | L11: =IF(K11<>"",K11-J11,TODAY()-DATE(MID(J11,7,4),MID(J11,4,2),LEFT(J11,2))) | M11: Pending | N11: 76 | O11: 81 | P11: BE | Q11: Muthayammal Engineering College | R11: Namakkal | S11: Anna University | T11: 2025 | U11: 8.3 CGPA | V11: hod.cse@mec.edu.in
A12: 9 | B12: 334034 | C12: Nagabhushan C R | D12: crnagbhushan@gmail.com | F12: Male | G12: 16/09/1998 | H12: AA442134 | I12: 8197264693 | J12: 08/01/2026 | K12: 2/02/2026 | L12: =IF(K12<>"",K12-J12,TODAY()-DATE(MID(J12,7,4),MID(J12,4,2),LEFT(J12,2))) | M12: APS Received | N12: 86.88 | O12: 70.5 | P12: BE | Q12: RNS Institute of Technology | R12: Bangalore | S12: Visvesvaraya Tech University | T12: 2020 | U12: 61.7% / 6.9 CGPA | V12: hod.civil@rnsit.ac.in
A13: 10 | B13: 344361 | C13: Neha Abhyankar | D13: work.nehaabhyankar@gmail.com | F13: Female | G13: 07/01/1988 | H13: AE453117 | I13: 8390175252 | J13: 25/02/2026 | L13: =IF(K13<>"",K13-J13,TODAY()-DATE(MID(J13,7,4),MID(J13,4,2),LEFT(J13,2))) | M13: Pending | N13: 67.6 | O13: 72 | P13: Bachelor in Foreign Trade | Q13: IIFTR | R13: Pune | S13: Devi Ahilya Vishwavidyalaya | T13: 2008 | U13: 69.38% | V13: registrar.davv@dauniv.ac.in | W13: Masters in Foreign Trade | X13: IIFTR | Y13: Devi Ahilya Vishwavidyalaya | Z13: 2010 | AA13: 70.92%
A14: 11 | B14: 344345 | C14: Nishant Prajapati | D14: nishantprajapati149@gmail.com | F14: Male | G14: 06/04/1999 | H14: AJ805883 | I14: 8160460166 | J14: 25/02/2026 | L14: =IF(K14<>"",K14-J14,TODAY()-DATE(MID(J14,7,4),MID(J14,4,2),LEFT(J14,2))) | M14: Pending | N14: 68.5 | O14: 46.3 | P14: BSc Chemistry | Q14: H.N.S.B Bank Ltd. Science College | R14: Himatnagar | S14: Hemchandracharya North Gujarat Univ | T14: 2019 | U14: 62% / 7.0 CGPA | V14: regi@ngu.ac.in | W14: MSc Organic Chemistry | X14: Nootan Science & Commerce College | Y14: Sakalchand Patel University | Z14: 2021 | AA14: 73.8% / 7.0 CGPA
A15: 12 | B15: 328124 | C15: Prethiviraj B | D15: prethiviraj07@gmail.com | F15: Male | G15: 12/03/2004 | H15: Y7560534 | I15: 9952620642 | J15: 04/12/2025 | K15: 9/12/2025 | L15: =IF(K15<>"",K15-J15,TODAY()-DATE(MID(J15,7,4),MID(J15,4,2),LEFT(J15,2))) | M15: APS Received | N15: 52.8 | O15: 76.2 | P15: B.Tech Mechatronics | Q15: Presidency University | R15: Puducherry | S15: Presidency University | T15: 2025 | U15: 6.3 CGPA | AB15: IELTS | AC15: 6.0
A16: 13 | B16: 334207 | C16: Reacha Kain | D16: richakain28@gmail.com | F16: Female | G16: 28/09/2003 | H16: AB946907 | I16: 7989400738 | J16: 09/01/2026 | K16: 23/01/2026 | L16: =IF(K16<>"",K16-J16,TODAY()-DATE(MID(J16,7,4),MID(J16,4,2),LEFT(J16,2))) | M16: APS Received | N16: 9 | O16: 6.7 | P16: B.Tech CS (Cyber Security) | Q16: Geethanjali College of Engg & Tech | R16: Hyderabad | S16: JNTU Hyderabad | T16: 2025 | U16: 6.7 CGPA | V16: cshead@gcet.edu.in | W16: Still Studying
A17: 14 | B17: 339213 | C17: Rohit Masti | D17: rohitsmasti2003@gmail.com | F17: Male | G17: 13/07/2003 | H17: AL723877 | I17: 9119443028 | J17: 03/02/2026 | K17: 23/02/2026 | L17: =IF(K17<>"",K17-J17,TODAY()-DATE(MID(J17,7,4),MID(J17,4,2),LEFT(J17,2))) | M17: APS Received | N17: 87.6 | O17: 86 | P17: B.Tech CS (AI-ML) | Q17: D.Y. Patil College of Engg, Kolhapur | R17: Kolhapur | S17: Shivaji University Kolhapur | T17: 2025 | U17: 70.53% / 7.5 CGPA | V17: siddheshwarvpatil.dypcet@dypgroup.edu.in
A18: 15 | B18: 346379 | C18: Sachin D. Shingade | D18: shingadesachin6740@gmail.com | F18: Male | G18: 10/06/1988 | H18: W9999537 | I18: 9011944866 | J18: 07/03/2026 | K18: 25/03/2026 | L18: =IF(K18<>"",K18-J18,TODAY()-DATE(MID(J18,7,4),MID(J18,4,2),LEFT(J18,2))) | M18: APS Received | N18: 85.73 | O18: 64 | P18: BE Electronics & Telecom | Q18: Late N.B. Chhabada Inst of Engg | R18: Satara | S18: Shivaji University Kolhapur | T18: 2012 | U18: 68.38% | V18: sfc@unishivaji.ac.in | W18: ME Electronics Digital Systems | X18: VPKBIET Baramati | Y18: Savitribai Phule Pune University | Z18: 2015 | AA18: 7.7 CGPA | AB18: IELTS | AC18: 6.0
A19: 16 | B19: 346561 | C19: Sheikh Nazir Hussain | D19: nayanhussain09@gmail.com | F19: Male | G19: 11/06/1991 | H19: Y2923962 | I19: 9483138766 | J19: 07/03/2026 | K19: 21/04/2026 | L19: =IF(K19<>"",K19-J19,TODAY()-DATE(MID(J19,7,4),MID(J19,4,2),LEFT(J19,2))) | M19: APS Received | N19: 71.66 | O19: 58.67 | P19: BE Mechanical | Q19: R R Institute of Technology | R19: Bangalore | S19: Visvesvaraya Tech University | T19: 2014 | U19: 61.03% | V19: contact@rrinstitutions.in
A20: 17 | B20: 353031 | C20: Sneha Jogi | D20: snehujogi@gmail.com | F20: Female | G20: 15/03/1991 | H20: W1836387 | I20: 8401573867 | J20: 14/04/2026 | L20: =IF(K20<>"",K20-J20,TODAY()-DATE(MID(J20,7,4),MID(J20,4,2),LEFT(J20,2))) | M20: Pending | N20: 74.43 | O20: 63.71 | P20: BCom | Q20: M.P. Shah Municipal Commerce College | R20: Jamnagar | S20: Saurashtra University | T20: 2011 | U20: 59.77% / 5.9 CGPA | V20: info@mpsccjam.org | W20: MCom | X20: M.P. Shah Municipal Commerce College | Y20: Saurashtra University | Z20: 2013 | AA20: 55.08% / 5.5 CGPA
A21: 18 | B21: 331954 | C21: Sujay Laxman H M | D21: sujay.laxman007@gmail.com | F21: Male | G21: 19/03/2003 | H21: AH612160 | I21: 6362448954 | J21: 28/12/2025 | K21: 13/01/2026 | L21: =IF(K21<>"",K21-J21,TODAY()-DATE(MID(J21,7,4),MID(J21,4,2),LEFT(J21,2))) | M21: APS Received | N21: 68.2 | O21: 74.17 | P21: B.Tech Mechanical | Q21: School of Mechanical, Reva University | R21: Bangalore | S21: Reva University | T21: 2025 | U21: 56.92% / 5.9 CGPA | V21: balajis@reva.edu.in
A22: 19 | B22: 335513 | C22: venuvardhan | D22: venuvardhan12@gmail.com | F22: Male | G22: 35630 | H22: C6231371 | I22: 6363791347 | J22: 26/01/2026 | L22: =IF(K22<>"",K22-J22,TODAY()-DATE(MID(J22,7,4),MID(J22,4,2),LEFT(J22,2))) | M22: Pending | N22: 36.8 | O22: 70.09 | P22: Diploma | Q22: Mewar University | R22: Bangalore | S22: Mewar University | T22: 2019 | U22: 73.4/7.3 | V22: amit_kumar@mewaruniversity.co.in
A23: 20 | B23: 346825 | C23: vaishnavi netke | D23: vaishnavinetke2806@gmail.com | F23: Female | G23: 38166 | H23: X2594106 | I23: 9969684420 | J23: 11/03/2026 | K23: 24/03/2026 | L23: =IF(K23<>"",K23-J23,TODAY()-DATE(MID(J23,7,4),MID(J23,4,2),LEFT(J23,2))) | M23: APS Received | N23: 93 | O23: 89.8 | P23: Business Management Studies | Q23: Garware institute of career education and development | R23: Mumbai | S23: Mumbai University | T23: 2025 | U23: 81.81/8.1 | V23: suhas.worlikar@finxpert.org
A24: 21 | B24: 348798 | C24: Ajay Kumar | D24: haritajay20@gmail.com | F24: Male | G24: 33162 | H24: C8658567 | I24: 9896486961 | J24: 10/03/2026 | L24: =IF(K24<>"",K24-J24,TODAY()-DATE(MID(J24,7,4),MID(J24,4,2),LEFT(J24,2))) | M24: Pending | N24: 63 | O24: 66 | P24: BBA | Q24: RKSD College | R24: Kaithal | S24: Kurukshetra Univeristy | T24: 2013 | U24: 52.2 | V24: principal@rksdcollege.ac.in
A25: 22 | B25: 348343 | C25: Sahana Balaram | D25: sahanabalram07@gmail.com | F25: Female | G25: 37820 | H25: AF519649 | I25: 9480150070 | J25: 16/03/2026 | K25: 16/04/2026 | L25: =IF(K25<>"",K25-J25,TODAY()-DATE(MID(J25,7,4),MID(J25,4,2),LEFT(J25,2))) | M25: APS Received | N25: 85 | O25: 91 | P25: B.Com | Q25: KLSE Societys Degree College | R25: Bangalore | S25: Bangalore University | T25: 2024 | U25: 8.5 | V25: madhan17anitha@gmail.com
A26: 23 | B26: 353970 | C26: Kriti Pallavi | D26: kriti.pallavi18@gmail.com | F26: Female | G26: 34667 | H26: Z7183088 | I26: 9717504682 | J26: 21/04/2026 | L26: =IF(K26<>"",K26-J26,TODAY()-DATE(MID(J26,7,4),MID(J26,4,2),LEFT(J26,2))) | M26: Pending | N26: 87.4 | O26: 84 | P26: BDS | Q26: ITS Centre for Dental Studies and Research | R26: Merrut | S26: CCS University | T26: 2018 | U26: 70 | V26: drsaurabhjuneja@gmail.com
A27: 24 | B27: 353102 | C27: Sakina Panvelwala | D27: sakinapanvelwala.35@gmail.com | F27: Female | G27: 37925 | H27: X7321975 | I27: 9372426995 | J27: 16/04/2026 | L27: =IF(K27<>"",K27-J27,TODAY()-DATE(MID(J27,7,4),MID(J27,4,2),LEFT(J27,2))) | M27: Pending | N27: 9.1 | O27: 86.8 | P27: B.Com | Q27: SIES College of Arts, Science and Commerc | R27: Mumbai | S27: Mumbai University | T27: 2025 | U27: 9.1 | V27: bhumikam@sies.edu.in
A28: 25 | B28: 353465 | C28: Neeraj Singh | D28: neerajsingh14414@gmail.com | F28: Male | G28: 37164 | H28: AL285783 | I28: 7078335855 | J28: 17/04/2026 | L28: =IF(K28<>"",K28-J28,TODAY()-DATE(MID(J28,7,4),MID(J28,4,2),LEFT(J28,2))) | M28: Pending | N28: 70.2 | O28: 84.6 | P28: B.com | Q28: Atma Ram Sanatan Dharma College | R28: Delhi | S28: University of Delhi | T28: 2024 | U28: 5.6 | V28: knegi@arsd.du.ac.in
A29: 26 | B29: 354024 | C29: Amatul Haseeb Maseera | D29: haseebamatul143@gmail.com | F29: Female | G29: 34600 | H29: T8372133 | I29: 7396483035 | J29: 21/04/2026 | L29: =IF(K29<>"",K29-J29,TODAY()-DATE(MID(J29,7,4),MID(J29,4,2),LEFT(J29,2))) | M29: Pending | N29: 76.67 | O29: 81.6 | P29: Bachelors of Pharmecy | Q29: MRM College of Pharmecy | R29: Hyderabad | S29: Jawaharlal Nehru Technological University Hyderabad | T29: 2016 | U29: 72.7 | V29: 0 | W29: Post Baccalaureate of Pharmacy | X29: Osmania University Hyderabad | Y29: Osmania University Hyderabad | Z29: 2024 | AA29: 80.58
A30: 27 | B30: 354195 | C30: Adithya Vincent Sindhu | D30: adithyasvincent5@gmail.com | F30: Female | G30: 37506 | H30: AH539447 | I30: 8848511618 | J30: 24/04/2026 | L30: =IF(K30<>"",K30-J30,TODAY()-DATE(MID(J30,7,4),MID(J30,4,2),LEFT(J30,2))) | M30: Pending | N30: 85 | O30: 67.5 | P30: Bachelor’s of vocational studies | Q30: ISDC | S30: Jain deemed to be university | T30: 2024 | U30: 72.76/7.8 | V30: enquiry@jainskills.com
A31: 28 | B31: 354471 | C31: Atharva Kumbhar | D31: atharvapkumbhar@gmail.com | F31: Male | G31: 37880 | H31: AJ512651 | I31: 7738396768 | J31: 24/04/2026 | L31: =IF(K31<>"",K31-J31,TODAY()-DATE(MID(J31,7,4),MID(J31,4,2),LEFT(J31,2))) | M31: Pending | N31: 76.8 | O31: 69.5 | P31: Bachelors in Management Studies | Q31: Ramsheth Thakur College of Science and Commerce | R31: Mumbai | S31: University of Mumbai | T31: 2024 | U31: 6.5
A32: 29 | B32: 354375 | C32: Vanshika Gupta | D32: vanshikag2904@gmail.com | F32: Female | G32: 36279 | H32: AR484959 | I32: 8869886060 | J32: 24/04/2026 | L32: =IF(K32<>"",K32-J32,TODAY()-DATE(MID(J32,7,4),MID(J32,4,2),LEFT(J32,2))) | M32: Pending | N32: 5.6 | O32: 64.8 | P32: B.com | Q32: Hindu College, Moradabad | R32: Moradabad | S32: Mahatma Jyotiba Phule Rohilkhand University, Bareilly | T32: 2020 | U32: 54.7
A33: 30 | B33: 156321 | C33: Apsara Aryal B | D33: apsaraaryal407@gmail.com | F33: Female | G33: 37160 | H33: W4652152 | I33: 9019972317 | J33: 27/12/2023 | K33: 7/02/2024 | L33: =IF(K33<>"",K33-J33,TODAY()-DATE(MID(J33,7,4),MID(J33,4,2),LEFT(J33,2))) | M33: APS Received | N33: 77.44 | O33: 57.66 | P33: B.Com | Q33: Indian academy degree college | R33: Bangalore | S33: Bengaluru north university | T33: 2022 | U33: 7 | V33: principal@iadc.ac.in
A34: 31 | B34: 188013 | C34: Ramij Yeasin | D34: ramijyeasin@gmail.com | F34: Male | G34: 36748 | H34: S7812343 | I34: 7699734865 | J34: 18/04/2023 | L34: =IF(K34<>"",K34-J34,TODAY()-DATE(MID(J34,7,4),MID(J34,4,2),LEFT(J34,2))) | M34: Pending | N34: 49 | O34: 47 | P34: B.com | Q34: BERHAMPORE COLLEGE | R34: Kalyani | S34: UNIVERSITY OF KALYANI | T34: 2022 | U34: 70.67/7.5
A35: 32 | B35: 211708 | C35: Nanda Hanumanth Bhille | D35: nanda.hb98@gmail.com | F35: Female | G35: 401186 | H35: W8894689 | I35: 8904689530 | J35: 19-06-2024 | K35: 17-07-2024 | L35: =IF(K35<>"",K35-J35,TODAY()-DATE(MID(J35,7,4),MID(J35,4,2),LEFT(J35,2))) | M35: APS Received | N35: 76.32 | O35: 64 | P35: B.Tech | Q35: Visvesvaraya Technological University, Belagav | R35: Bangalore | S35: Dayananda Sagar Academy of Technology and Management | T35: 2020 | U35: 7.1 | V35: ashok-me@dsatm.edu.in
A36: 33 | B36: 287590 | C36: Suraj Damodaran | D36: surajdamodaran12@gmail.com | F36: Male | G36: 44694 | H36: V3821113 | I36: 8882630752 | J36: 31/03/2025 | K36: 14/05/2025 | L36: =IF(K36<>"",K36-J36,TODAY()-DATE(MID(J36,7,4),MID(J36,4,2),LEFT(J36,2))) | M36: APS Received | N36: 79.6 | O36: 65.4 | P36: B.SC(HONS) Agriculture | Q36: Amity Institute of Organic Agriculture | R36: Noida | S36: Amity University | T36: 2024 | U36: 7.2 | V36: dsgaikwad@amity.edu
A37: 34 | B37: 270074 | C37: Laxmi Varshitha Reddy Thummeti | D37: thummetivarshithareddy0208@gmail.com | F37: Female | G37: 02/05/2003 | H37: Y5312184 | I37: 6305549634 | J37: 20/01/2025 | K37: 28/02/2025 | L37: =IF(K37<>"",K37-J37,TODAY()-DATE(MID(J37,7,4),MID(J37,4,2),LEFT(J37,2))) | M37: APS Received | N37: 8.5 | O37: 88.1 | P37: B.Tech (ECE) | Q37: CMR College of Engineering & Technology | R37: Hyderabad | S37: Jawaharlal Nehru Technological University Hyderabad | T37: 2024 | U37: 8.6 CGPA | V37: 20h51a0479@cmrcet.ac.in | AB37: TOEFL
A38: 35 | B38: 294557 | C38: Elangovan Sakthivel | D38: selangovan263@gmail.com | F38: Male | G38: 17/10/1996 | H38: C8311240 | I38: 9500356731 | J38: 13/05/2025 | K38: 14/07/2025 | L38: =IF(K38<>"",K38-J38,TODAY()-DATE(MID(J38,7,4),MID(J38,4,2),LEFT(J38,2))) | M38: APS Received | N38: 81.4 | O38: 60.6 | P38: B.Sc (Information Technology) | Q38: Sri Krishna Arts and Science College | R38: Coimbatore | S38: Bharathiyar University | T38: 2017 | U38: 53.7% / 5.2 CGPA | V38: principal@skasc.ac.in | AB38: IELTS
A39: 36 | B39: 296978 | C39: Melwin Paul | D39: melwinpaul2002@gmail.com | F39: Male | G39: 10/05/2002 | H39: V6369952 | I39: 06201295031 | J39: 22/05/2025 | K39: 16/06/2025 | L39: =IF(K39<>"",K39-J39,TODAY()-DATE(MID(J39,7,4),MID(J39,4,2),LEFT(J39,2))) | M39: APS Received | N39: 77.8 | O39: 83.5 | P39: B.Com (Honors) | Q39: X.I.T.E. Gamharia | R39: Jamshedpur | S39: Kolhan University | T39: 2024 | U39: 71.21% / 7.7 CGPA | V39: info@xite.ac.in | AB39: IELTS
A40: 37 | B40: 293262 | C40: Vamsy Appalla | D40: vamsy.appalla@gmail.com | F40: Male | G40: 27/12/2001 | H40: C8410793 | I40: 9100184777 | J40: 29/04/2025 | K40: 24/06/2025 | L40: =IF(K40<>"",K40-J40,TODAY()-DATE(MID(J40,7,4),MID(J40,4,2),LEFT(J40,2))) | M40: APS Received | N40: 73 | O40: 65.4 | P40: BBA (Marketing) | Q40: Amity University | R40: Hyderabad | S40: Amity University | T40: 2024 | U40: 93.5% / 9.3 CGPA | V40: admissions@amity.edu | AB40: IELTS
A41: 38 | B41: 283242 | C41: Dachepalli Vinay Kumar | D41: vinaykumard95@gmail.com | F41: Male | G41: 04/06/1995 | H41: C8518593 | I41: 9182263309 | J41: 12/03/2025 | K41: 5/5/2025 | L41: =IF(K41<>"",K41-J41,TODAY()-DATE(MID(J41,7,4),MID(J41,4,2),LEFT(J41,2))) | M41: APS Received | N41: 86 | O41: 90.9 | P41: B.Com (Computers) | Q41: Masters Degree College | R41: Jogipet | S41: Osmania University | T41: 2015 | U41: 82% | AB41: IELTS
A42: 39 | B42: 300671 | C42: Pranjal Wankhade | D42: pranjalpbw@gmail.com | F42: Female | G42: 04/03/2004 | H42: V4462398 | I42: 08446445036 | J42: 12/06/2025 | K42: 8/07/2025 | L42: =IF(K42<>"",K42-J42,TODAY()-DATE(MID(J42,7,4),MID(J42,4,2),LEFT(J42,2))) | M42: APS Received | N42: 67.2 | O42: 75.5 | P42: BBA (International Business) | Q42: MIT ACSC | R42: Pune | S42: Savitribai Phule Pune University | T42: 2025 | U42: 8.3 CGPA | V42: hodbba@mitacsc.ac.in
A43: 40 | B43: 283135 | C43: Prateek Solanki | D43: prateeksolanki1997@gmail.com | F43: Male | G43: 05/07/1997 | H43: T9047124 | I43: 9811807328 | J43: 11/03/2025 | K43: 2/07/2025 | L43: =IF(K43<>"",K43-J43,TODAY()-DATE(MID(J43,7,4),MID(J43,4,2),LEFT(J43,2))) | M43: APS Received | N43: 64.6 | O43: 67.2 | P43: B.Tech (CSE) | Q43: SRM University | R43: Delhi | S43: SRM University | T43: 2020 | U43: 62.32% / 6.6 CGPA | V43: examcellsrmh@srmuniversity.ac.in | AB43: IELTS
A44: 41 | B44: 286887 | C44: Sai Charan Karanam Murali | D44: karanammuralisaicharan@gmail.com | F44: Male | G44: 23/05/2001 | H44: X6948124 | I44: 7899648798 | J44: 27/03/2025 | K44: 16/05/2025 | L44: =IF(K44<>"",K44-J44,TODAY()-DATE(MID(J44,7,4),MID(J44,4,2),LEFT(J44,2))) | M44: APS Received | N44: 95 | O44: 80.5 | P44: B.Tech (CSE) | Q44: Amrita School of Engineering | R44: Bangalore | S44: Amrita Vishwa Vidyapeetham | T44: 2024 | U44: 6.6 CGPA | V44: s_ullas@blr.amrita.edu | AB44: IELTS
A45: 42 | B45: 288983 | C45: Francis Annie Docilin Giles | D45: anniedocilin@gmail.com | F45: Female | G45: 17/04/2001 | H45: W4601606 | I45: 9790414214 | J45: 07/04/2025 | K45: 19/05/2025 | L45: =IF(K45<>"",K45-J45,TODAY()-DATE(MID(J45,7,4),MID(J45,4,2),LEFT(J45,2))) | M45: APS Received | N45: 90 | O45: 71.83 | P45: B.Com (Corporate Secretaryship) | Q45: Stella Maris College | R45: Thoothukudi | S45: University of Madras | T45: 2022 | U45: 63.2% / 6.3 CGPA | V45: mofika@stellamariscollege.edu.in | AB45: IELTS
A46: 43 | B46: 298867 | C46: Anjali Shinde | D46: anjali.shinde1772002@gmail.com | F46: Female | G46: 17/07/2002 | H46: C9468554 | I46: 8928331613 | J46: 03/06/2025 | L46: =IF(K46<>"",K46-J46,TODAY()-DATE(MID(J46,7,4),MID(J46,4,2),LEFT(J46,2))) | M46: Pending | N46: 74.8 | O46: 61.85 | P46: B.Com | Q46: M. L. Dahanukar College of Commerce | R46: Mumbai | S46: University of Mumbai | T46: 2024 | U46: 60% / 7.0 CGPA | V46: anjali.shinde@mldc.edu.in
A47: 44 | B47: 292528 | C47: Mousin Khan Mohammed | D47: mrmousin31@gmail.com | F47: Male | G47: 31/07/1999 | H47: C2027594 | I47: 8328391050 | J47: 24/04/2025 | K47: 18/06/2025 | L47: =IF(K47<>"",K47-J47,TODAY()-DATE(MID(J47,7,4),MID(J47,4,2),LEFT(J47,2))) | M47: APS Received | N47: 76 | O47: 64.1 | P47: B.Tech (CSE) | Q47: Vivekananda Institute of Technology and Science | R47: Hyderabad | S47: Jawaharlal Nehru Technological University Hyderabad | T47: 2023 | U47: 6.0 CGPA | V47: duaac@jntuh.ac.in
A48: 45 | B48: 297529 | C48: Henil Patel | D48: henilpatel21@gnu.ac.in | F48: Male | G48: 05/06/2003 | H48: T0356548 | I48: 9782834314 | J48: 25/05/2025 | K48: 9/09/2025 | L48: =IF(K48<>"",K48-J48,TODAY()-DATE(MID(J48,7,4),MID(J48,4,2),LEFT(J48,2))) | M48: APS Received | N48: 85 | O48: 64.71 | P48: BBA (Logistics) | Q48: V.M Patel College of Management Studies | R48: Mehsana | S48: Ganpat University | T48: 2024 | U48: 9.1 CGPA | V48: vbp01@ganpatuniversity.ac.in | AB48: IELTS
A49: 46 | B49: 295823 | C49: Varshini Mallanayakanahalli Suresh | D49: varshinims974@gmail.com | F49: Female | G49: 10/09/2001 | H49: C6228692 | I49: 9148246672 | J49: 16/05/2025 | K49: 17/06/2025 | L49: =IF(K49<>"",K49-J49,TODAY()-DATE(MID(J49,7,4),MID(J49,4,2),LEFT(J49,2))) | M49: APS Received | N49: 77.6 | O49: 66.17 | P49: BCA (Computer Applications) | Q49: Mandya University | R49: Mandya | S49: Mandya University | T49: 2023 | U49: 78.39% / 8.0 CGPA | V49: vc.mum@karnataka.gov.in
A50: 47 | B50: 303195 | C50: Rishabh Singh | D50: rishabhsingh0019@gmail.com | F50: Male | G50: 07/03/2003 | H50: W2272005 | I50: 9711344554 | J50: 29/06/2025 | K50: 12/08/2025 | L50: =IF(K50<>"",K50-J50,TODAY()-DATE(MID(J50,7,4),MID(J50,4,2),LEFT(J50,2))) | M50: APS Received | N50: 74.6 | O50: 67.8 | P50: B.Tech (Computer Science) | Q50: JSS Academy of Technical Education | R50: Gorakhpur | S50: Abdul Kalam Technical University (AKTU) | T50: 2023 | U50: 6.8 CGPA | V50: hodcse@jssaten.ac.in
A51: 48 | B51: 298767 | C51: Hemanth M | D51: hemanthmanjunanth@gmail.com | F51: Male | G51: 17/11/2000 | H51: C4978207 | I51: 7892411432 | J51: 31/05/2025 | K51: 8/07/2025 | L51: =IF(K51<>"",K51-J51,TODAY()-DATE(MID(J51,7,4),MID(J51,4,2),LEFT(J51,2))) | M51: APS Received | N51: 88.8 | O51: 90 | P51: B.Com (Accounts) | Q51: PES University | R51: Bangalore | S51: PES University | T51: 2022 | U51: 8.3 CGPA | V51: coe.pesu@pes.edu
A52: 49 | B52: 298757 | C52: Chandan S S | D52: chandansrinivasa09@gmail.com | F52: Male | G52: 09/09/1998 | H52: X6939814 | I52: 8660287008 | J52: 31/05/2025 | K52: 15/07/2025 | L52: =IF(K52<>"",K52-J52,TODAY()-DATE(MID(J52,7,4),MID(J52,4,2),LEFT(J52,2))) | M52: APS Received | N52: 68.64 | O52: 58.83 | P52: B.Com (Finance) | Q52: Jain College | R52: Bangalore | S52: Bangalore University | T52: 2019 | U52: 7.3 CGPA | V52: registrarevaluation@bub.ernet.in
A53: 50 | B53: 297605 | C53: Samyak Gade | D53: samgade01@gmail.com | F53: Male | G53: 01/08/2001 | H53: AA569709 | I53: 8380079796 | J53: 28/05/2025 | K53: 8/07/2025 | L53: =IF(K53<>"",K53-J53,TODAY()-DATE(MID(J53,7,4),MID(J53,4,2),LEFT(J53,2))) | M53: APS Received | N53: 79 | O53: 57.69 | P53: B.E (Computer Engineering) | Q53: Dr. D. Y. Patil School of Engineering | R53: Nagpur | S53: Savitribai Phule Pune University | T53: 2023 | U53: 6.8 CGPA | V53: ujvalapatil@dypic.in | AB53: IELTS
A54: 51 | B54: 300900 | C54: Giridhar G | D54: giridhargooty09@gmail.com | F54: Male | G54: 09/09/1997 | H54: W0703762 | I54: 7899841609 | J54: 13/06/2025 | K54: 6/08/2025 | L54: =IF(K54<>"",K54-J54,TODAY()-DATE(MID(J54,7,4),MID(J54,4,2),LEFT(J54,2))) | M54: APS Received | N54: 88 | O54: 65 | P54: BE (Automobile) | Q54: The Oxford College of Engineering | R54: Bangarpet | S54: Visveshwaraiah Technological University | T54: 2021 | U54: 5.9 CGPA | AB54: IELTS
A55: 52 | B55: 184145 | C55: Chanchal Yadav | D55: Chanchalyyadav1998@gmail.com | F55: Female | G55: 17/07/1998 | H55: V2653839 | I55: 9425661471 | J55: 29/03/2024 | K55: 29/05/2024 | L55: =IF(K55<>"",K55-J55,TODAY()-DATE(MID(J55,7,4),MID(J55,4,2),LEFT(J55,2))) | M55: APS Received | N55: 7.8 | O55: 67.6 | P55: B.Tech (CSE) | Q55: Lakshmi Narain College of Technology and Science | R55: Bhopal | S55: Rajiv Gandhi Proudyogiki Vishwavidyalaya | T55: 2021 | U55: 77% / 7.7 CGPA | V55: registrarrgpv@gmail.com | AB55: IELTS
A56: 53 | B56: 295740 | C56: Rajveer Kaur | D56: rajveerkaurrajveerkaur9@gmail.com | F56: Female | G56: 02/02/2001 | H56: V4157049 | I56: 8360570023 | J56: 16/05/2025 | K56: 4/08/2025 | L56: =IF(K56<>"",K56-J56,TODAY()-DATE(MID(J56,7,4),MID(J56,4,2),LEFT(J56,2))) | M56: APS Received | N56: 73 | O56: 83 | P56: B.Com | Q56: A.S College, Khanna | R56: Khanna | S56: Punjab University | T56: 2021 | U56: 73% / 7.0 CGPA | V56: vc@pu.ac.in | AB56: IELTS
A57: 54 | B57: 257938 | C57: Srinivas Rendla | D57: srinivas.rendla2021@gmail.com | F57: Male | G57: 06/04/1992 | H57: P3292023 | I57: 9347773921 | J57: 30/11/2024 | K57: 05/03/2025 | L57: =IF(K57<>"",K57-J57,TODAY()-DATE(MID(J57,7,4),MID(J57,4,2),LEFT(J57,2))) | M57: APS Received | N57: 87 | O57: 67 | P57: B.Tech (Mechanical Engineering) | Q57: Siddhartha Institute of Technology and Science (SITS), Ghatkesar | R57: Ghatkesar | S57: Jawaharlal Nehru Technological University, Hyderabad | T57: 2014 | U57: 67.05%
A58: 55 | B58: 318273 | C58: Arepaga Srikanth | D58: arepagasrikanth27@gmail.com | F58: Male | G58: 27/01/2003 | H58: AE265821 | I58: 9014605143 | J58: 07/10/2025 | K58: 21/10/2025 | L58: =IF(K58<>"",K58-J58,TODAY()-DATE(MID(J58,7,4),MID(J58,4,2),LEFT(J58,2))) | M58: APS Received | N58: 9.8 | O58: 90.4 | P58: B.Tech (ECE) | Q58: Hyderabad Institute of Technology and Management | R58: Hyderabad | S58: JNTUH | T58: 2025 | U58: 68% / 7.3 CGPA
A59: 56 | B59: 317221 | C59: Aftab | D59: aftabsalmani2523@gmail.com | F59: Male | G59: 25/01/2002 | H59: AG033889 | I59: 9899237306 | J59: 30/09/2025 | K59: 13/10/2025 | L59: =IF(K59<>"",K59-J59,TODAY()-DATE(MID(J59,7,4),MID(J59,4,2),LEFT(J59,2))) | M59: APS Received | N59: 47 | O59: 65.4 | P59: BA (Hons) English Literature | Q59: Amity School of Liberal Arts | R59: Gurgaon | S59: Amity University Haryana | T59: 2025 | U59: 7.1 CGPA | V59: skmishra@ggn.amity.com
A60: 57 | B60: 317745 | C60: Ravula Sree Chakrapathy Goud | D60: ravula.r.chakrigoud@gmail.com | F60: Male | G60: 23/02/2004 | H60: C4490157 | I60: 8247674587 | J60: 03/10/2025 | K60: 05/11/2025 | L60: =IF(K60<>"",K60-J60,TODAY()-DATE(MID(J60,7,4),MID(J60,4,2),LEFT(J60,2))) | M60: APS Received | N60: 8.7 | O60: 92.2 | P60: B.Tech (Data Science) | Q60: Sri Indu College of Engineering & Technology | R60: Hyderabad | S60: Jawaharlal Nehru Technological University Hyderabad | T60: 2025 | U60: 7.1 CGPA | V60: dshod@sriindu.ac.in
A61: 58 | B61: 318485 | C61: Mary Stella Chevkula | D61: MARYPBSTELLA@GMAIL.COM | F61: Female | G61: 28/07/2003 | H61: AG923587 | I61: 7330628225 | J61: 07/10/2025 | K61: 22/10/2025 | L61: =IF(K61<>"",K61-J61,TODAY()-DATE(MID(J61,7,4),MID(J61,4,2),LEFT(J61,2))) | M61: APS Received | N61: 88 | O61: 85 | P61: B.Tech (Mechanical Engineering) | Q61: Vellore Institute of Technology | R61: Vellore | S61: Vellore Institute of Technology | T61: 2025 | U61: 77.4% / 7.7 CGPA | V61: ARAVINDRAJ.S@VIT.AC.IN
A62: 59 | B62: 315145 | C62: Ritesh Lad | D62: riteshlad127@gmail.com | F62: Male | G62: 15/03/2002 | H62: AF131579 | I62: 9834235242 | J62: 17/09/2025 | K62: 02/10/2025 | L62: =IF(K62<>"",K62-J62,TODAY()-DATE(MID(J62,7,4),MID(J62,4,2),LEFT(J62,2))) | M62: APS Received | N62: 59.2 | O62: 75.67 | P62: BBA-CA | Q62: Sinhgad College of Arts and Commerce, Pune | R62: Pune | S62: Savitribai Phule Pune University | T62: 2024 | U62: 7.9 CGPA | V62: principal_scoac@sinhgad.edu
A63: 60 | B63: 307579 | C63: Peter Palliparambilgerald | D63: peterpg_gerald@yahoo.co.in | F63: Male | G63: 29/07/1988 | H63: S4066261 | I63: 8600700299 | J63: 29/07/2025 | K63: 27/10/2025 | L63: =IF(K63<>"",K63-J63,TODAY()-DATE(MID(J63,7,4),MID(J63,4,2),LEFT(J63,2))) | M63: APS Received | N63: 87 | O63: 86 | P63: B.Tech (Electronics and Communication) | Q63: AWH Engineering College | R63: Kozhikode | S63: University of Calicut | T63: 2009 | U63: 72% | V63: principal@awhengg.org
A64: 61 | B64: 323488 | C64: Manasa Lakshmi Kranthi Nalla | D64: manasalakshmikranthinalla@gmail.com | F64: Female | G64: 12/07/2005 | H64: AB170685 | I64: 8522011888 | J64: 06/11/2025 | K64: 13/11/2025 | L64: =IF(K64<>"",K64-J64,TODAY()-DATE(MID(J64,7,4),MID(J64,4,2),LEFT(J64,2))) | M64: APS Received | N64: 95 | O64: 47.4 | P64: Bachelor's (Honours) | Q64: Gayatri Vidya Parishad College for Degree and PG Courses | R64: Visakhapatnam | S64: Andhra University | T64: 2025 | U64: 63% | V64: nagaraj@gvpcdpgc.edu.in
A65: 62 | B65: 315117 | C65: Anirudha Verma | D65: vanirudh871@gmail.com | F65: Male | G65: 03/09/2004 | H65: ZA034554 | I65: 8269227993 | J65: 17/09/2025 | K65: 29/10/2025 | L65: =IF(K65<>"",K65-J65,TODAY()-DATE(MID(J65,7,4),MID(J65,4,2),LEFT(J65,2))) | M65: APS Received | N65: 85.4 | O65: 80.2 | P65: B.Com (Commerce) | Q65: GD Rungta College of Science and Technology | R65: Bhilai | S65: Hemchand Yadav University, Durg | T65: 2025 | U65: 56% | V65: registrar@durgunversity.ac.in
A66: 63 | B66: 301620 | C66: Ankit Khari | D66: ankitkhari011@gmail.com | F66: Male | G66: 04/02/2003 | H66: B7820363 | I66: 9350504800 | J66: 19/06/2025 | K66: 08/07/2025 | L66: =IF(K66<>"",K66-J66,TODAY()-DATE(MID(J66,7,4),MID(J66,4,2),LEFT(J66,2))) | M66: APS Received | N66: 64 | O66: 60.8 | P66: B.Pharmacy | Q66: Shoolini University | R66: Solan | S66: Shoolini University | T66: 2024 | U66: 72.3% / 7.2 CGPA | V66: deanpharma@shooliniuniversity.com
A67: 64 | B67: 312775 | C67: Saartha Kabade | D67: saarthagkabade@gmail.com | F67: Female | G67: 19/03/2005 | H67: I0153694 | I67: 9619324849 | J67: 02/09/2025 | K67: 09/09/2025 | L67: =IF(K67<>"",K67-J67,TODAY()-DATE(MID(J67,7,4),MID(J67,4,2),LEFT(J67,2))) | M67: APS Received | N67: 88 | O67: 58.33 | P67: B.Sc (Information Technology) | Q67: Bunts Sangha's S.M.Shetty College of Science, Commerce and Management Studies | R67: Mumbai | S67: University of Mumbai | T67: 2025 | U67: 7.0 CGPA | V67: raveenas@smshettyinstitute.org
A68: 65 | B68: 314201 | C68: Prem Bauskar | D68: Bauskarprem2253@gmail.com | F68: Male | G68: 22/05/2003 | H68: V2800394 | I68: 08850086650 | J68: 11/09/2025 | K68: 18/09/2025 | L68: =IF(K68<>"",K68-J68,TODAY()-DATE(MID(J68,7,4),MID(J68,4,2),LEFT(J68,2))) | M68: APS Received | N68: 74.2 | P68: Instrumentation Engineering | Q68: Vivekanand Education Society's Institute of Technology | R68: Mumbai | S68: University of Mumbai | T68: 2025 | U68: 59.55% / 6.3 CGPA | V68: sangeeta.prasannaram@ves.ac.in
A69: 66 | B69: 306278 | C69: Jyothsna Devi Addala | D69: jyothsnaaddala@gmail.com | F69: Female | G69: 18/06/2003 | H69: C9997039 | I69: 7989899802 | J69: 19/07/2025 | K69: 30/10/2025 | L69: =IF(K69<>"",K69-J69,TODAY()-DATE(MID(J69,7,4),MID(J69,4,2),LEFT(J69,2))) | M69: APS Received | N69: 64 | O69: 76 | P69: B.Tech (Computer Science and Engineering) | Q69: University College of Engineering UCEN-JNTUK | R69: Kakinada | S69: Jawaharlal Nehru Technological University, JNTUK | T69: 2025 | U69: 63.03% | V69: principal@jntukucen.ac.in
A70: 67 | B70: 317980 | C70: Akshaya Rao Rachakonda | D70: rachakondaakshayarao@gmail.com | F70: Female | G70: 02/11/2003 | H70: AB045419 | I70: 9494244203 | J70: 06/10/2025 | K70: 21/10/2025 | L70: =IF(K70<>"",K70-J70,TODAY()-DATE(MID(J70,7,4),MID(J70,4,2),LEFT(J70,2))) | M70: APS Received | N70: 82.65 | P70: B.Tech CSE (Data Science) | Q70: Institute of Aeronautical Engineering (IARE) | R70: Hyderabad | S70: Jawaharlal Nehru Technological University Hyderabad | T70: 2025 | U70: 72.48% / 7.6 CGPA | V70: hod-es@iare.ac.in
A71: 68 | B71: 318691 | C71: Chandramohan S | D71: chandramohan.analytics@gmail.com | F71: Male | G71: 31/07/2004 | H71: Z7944371 | I71: 9043145633 | J71: 08/10/2025 | K71: 22/10/2025 | L71: =IF(K71<>"",K71-J71,TODAY()-DATE(MID(J71,7,4),MID(J71,4,2),LEFT(J71,2))) | M71: APS Received | N71: 86.2 | O71: 87.38 | P71: B.Tech (Artificial Intelligence and Data Science) | Q71: Jeppiaar Engineering College | R71: Chennai | S71: Anna University | T71: 2025 | U71: 69.3% / 7.3 CGPA | V71: chenthiltr@jeppiaarcollege.org
A72: 69 | B72: 314993 | C72: Ajaybhan Singh | D72: ajaybhan.singh@gmail.com | F72: Male | G72: 24/05/1995 | H72: U6472134 | I72: 9314296930 | J72: 16/09/2025 | K72: 09/10/2025 | L72: =IF(K72<>"",K72-J72,TODAY()-DATE(MID(J72,7,4),MID(J72,4,2),LEFT(J72,2))) | M72: APS Received | N72: 5.6 | O72: 56 | P72: Bachelor's (Hospitality) | Q72: IHM Gwalior | R72: Gwalior | S72: Indira Gandhi National Open University | T72: 2021 | U72: 58.38%
A73: 70 | B73: 308944 | C73: Rohan R J | D73: rohanrjedu@gmail.com | F73: Male | G73: 04/11/2002 | H73: C4038464 | I73: 08088018968 | J73: 13/08/2025 | K73: 23/09/2025 | L73: =IF(K73<>"",K73-J73,TODAY()-DATE(MID(J73,7,4),MID(J73,4,2),LEFT(J73,2))) | M73: APS Received | N73: 44.32 | O73: 58.5 | P73: BCA (Computer Applications) | Q73: Sharada College Thalapady, Mangalore | R73: Mangalore | S73: Mangalore University | T73: 2024 | U73: 73.26% / 9.0 CGPA | V73: sharadacollege@sharadagroup.in
A74: 71 | B74: 297118 | C74: Sanjna Kurakula | D74: sanjna.kurakula@gmail.com | F74: Female | G74: 15/07/2001 | H74: P3922719 | I74: 9000477159 | J74: 22/05/2025 | K74: 02/07/2025 | L74: =IF(K74<>"",K74-J74,TODAY()-DATE(MID(J74,7,4),MID(J74,4,2),LEFT(J74,2))) | M74: APS Received | N74: 9.4 | P74: B.Com (Hons) | R74: Hyderabad | S74: Osmania University | T74: 2022 | U74: 9.3 CGPA
A75: 72 | B75: 303919 | C75: Shruti Metkar | D75: shrutimetkar4@gmail.com | F75: Female | G75: 04/11/1997 | H75: B9648499 | I75: 08600272759 | J75: 03/07/2025 | K75: 16/07/2025 | L75: =IF(K75<>"",K75-J75,TODAY()-DATE(MID(J75,7,4),MID(J75,4,2),LEFT(J75,2))) | M75: APS Received | N75: 6.2 | O75: 58.46 | P75: B.Com (Applied Statistics) | Q75: BYK College of Commerce | R75: Nashik | S75: Savitribai Phule Pune University | T75: 2020 | U75: 56.58% | V75: gesbyk@gmail.com
A76: 73 | B76: 303916 | C76: Ayush Ghumare | D76: ayushghumare2003@gmail.com0 | F76: Male | G76: 25/01/2003 | H76: B9198340 | I76: 7385297665 | J76: 03/07/2025 | K76: 04/08/2025 | L76: =IF(K76<>"",K76-J76,TODAY()-DATE(MID(J76,7,4),MID(J76,4,2),LEFT(J76,2))) | M76: APS Received | N76: 75 | O76: 83 | P76: B.Sc (3D Animation) | Q76: K.T.H.M College | R76: Nashik | S76: Savitribai Phule Pune University | T76: 2024 | U76: 8.5 CGPA | V76: srcollege.kthm@mvp.edu.in
A77: 74 | B77: 302850 | C77: Bathina Dharani | D77: bdharani661@gmail.com | F77: Female | G77: 36986 | H77: B8914329 | I77: 7207841507 | J77: 27/07/2025 | K77: 07/10/2025 | L77: =IF(K77<>"",K77-J77,TODAY()-DATE(MID(J77,7,4),MID(J77,4,2),LEFT(J77,2))) | M77: APS Received | N77: 85 | O77: 63 | P77: B.A (Political Science) | Q77: St. Francis College for Women | R77: Begumpet | S77: Osmania University | T77: 2023 | U77: 7.2 CGPA | V77: 121320003030@FSC.IN
A78: 74 | B78: 354471 | C78: Atharva Kumbhar | D78: atharvapkumbhar@gmail.com | F78: Male | G78: 37880 | H78: AJ512651 | I78: 7738396768 | J78: 24/04/2026 | L78: =IF(K78<>"",K78-J78,TODAY()-DATE(MID(J78,7,4),MID(J78,4,2),LEFT(J78,2))) | M78: Pending | N78: 76.8 | O78: 69.5 | P78: BMS (Marketing) | Q78: Ramsheth Thakur College of Science and Commerce | R78: Navi Mumbai | S78: University of Mumbai | T78: 2024 | U78: 6.5 CGPA
A79: 75 | B79: 355271 | C79: Hemachandar Gunashekaran | D79: hemg1698@gmail.com | F79: Male | G79: 36054 | H79: P2318427 | I79: 7548818511 | J79: 30/04/2026 | L79: =IF(K79<>"",K79-J79,TODAY()-DATE(MID(J79,7,4),MID(J79,4,2),LEFT(J79,2))) | M79: Pending | N79: 72 | O79: 81 | P79: BCA LLB (Hons) | Q79: School of Excellence in Law | R79: Chennai | S79: The Tamil Nadu Dr Ambedkar Law University | T79: 2021 | U79: 58.64% / 5.4 CGPA
A80: 76 | B80: 354500 | C80: Anishka Bodhare | D80: anishkabodhare009@gmail.com | F80: Female | G80: 37415 | H80: V8897055 | I80: 8669513157 | J80: 24/04/2026 | L80: =IF(K80<>"",K80-J80,TODAY()-DATE(MID(J80,7,4),MID(J80,4,2),LEFT(J80,2))) | M80: Pending | N80: 59.16 | O80: 63.6 | P80: B.Com (Financial Accounting & Auditing) | Q80: Shri Sidh Thakurnath College of Arts & Commerce | R80: Ambarnath | S80: University of Mumbai | T80: 2023 | U80: 8.0 CGPA | V80: varshasawlani@sstcollege.edu.in | W80: MBA (HR & Finance) | X80: Janaki Devi Bajaj Institute of Management Studies & Research | Y80: Shreemati Nathibai Damodar Thacmersey Women's University | AA80: 9.0 CGPA
A81: 77 | B81: 355697 | C81: Aman Thakur | D81: amanthakur961@gmail.com | F81: Male | G81: 36787 | H81: X8875418 | I81: 9644207707 | J81: 05/05/2026 | L81: =IF(K81<>"",K81-J81,TODAY()-DATE(MID(J81,7,4),MID(J81,4,2),LEFT(J81,2))) | M81: Pending | N81: 57 | O81: 71 | P81: BA (Mass Communication) | Q81: Indore Public School | R81: Indore | S81: Makhanlal Chaturvedi National University | T81: 2022 | U81: 0.66 | V81: admission@mcu.ac.in
A82: 78 | B82: 330241 | C82: Inchara D | D82: inchara.d71095@gmail.com | F82: Female | G82: 34979 | H82: AL491048 | I82: 8310855616 | J82: 16/12/2025 | K82: 16/01/2026 | L82: =IF(K82<>"",K82-J82,TODAY()-DATE(MID(J82,7,4),MID(J82,4,2),LEFT(J82,2))) | M82: APS Received | N82: 87.36 | O82: 68.66 | P82: B.E Information Science and Engineering | Q82: Alva's Institute of Engineering and Technology | R82: Karnataka | S82: Visvesvaraya Technological University | T82: 2017 | U82: 0.6342 | V82: principalaiet08@gmail.com
A83: 79 | B83: 326710 | C83: Anamika Abraham | D83: aamieabraham@gmail.com | F83: Female | G83: 38175 | H83: W3453786 | I83: 9999741513 | J83: 25/11/2025 | K83: 22/12/2025 | L83: =IF(K83<>"",K83-J83,TODAY()-DATE(MID(J83,7,4),MID(J83,4,2),LEFT(J83,2))) | M83: APS Received | N83: 77 | O83: 78.2 | P83: BBA Finance and HR | Q83: Kristu Jayanti College | R83: Bengaluru | S83: Bengaluru North University | T83: 2025 | U83: 79% / 8.5 CGPA | V83: sukuthomas@kristujayanti.com
A84: 80 | B84: 314115 | C84: Vinayak Yadav | D84: IYC.VINAYAKYADAV@GMAIL.COM | F84: Male | G84: 38105 | H84: ZA169460 | I84: 7021224135 | J84: 10/09/2025 | K84: 17/12/2025 | L84: =IF(K84<>"",K84-J84,TODAY()-DATE(MID(J84,7,4),MID(J84,4,2),LEFT(J84,2))) | M84: APS Received | N84: 60 | O84: 48.67 | P84: B.Com Banking and Insurance | Q84: Thakur College of Science and Commerce | R84: Mumbai | S84: University of Mumbai | T84: 2025 | U84: 0.68 | AB84: IELTS
A85: 81 | B85: 321346 | C85: Naresh Mula | D85: nareshreddymula66@gmail.com | F85: Male | G85: 36721 | H85: W5026437 | I85: 8919775911 | J85: 24/10/2025 | K85: 25/11/2025 | L85: =IF(K85<>"",K85-J85,TODAY()-DATE(MID(J85,7,4),MID(J85,4,2),LEFT(J85,2))) | M85: APS Received | N85: 90 | O85: 76.4 | P85: B.Tech Electronics and Communication Engineering | Q85: Vaagdevi Engineering College | R85: Telangana | S85: Jawaharlal Nehru Technological University Hyderabad | T85: 2023 | U85: 61% / 6.0 CGPA | AB85: TOEFL
A86: 82 | B86: 318535 | C86: Junaid Mohamed T | D86: itsjunaidmohamed@gmail.com | F86: Male | G86: 36363 | H86: V4641611 | I86: 8971808105 | J86: 07/10/2025 | K86: 3/12/2025 | L86: =IF(K86<>"",K86-J86,TODAY()-DATE(MID(J86,7,4),MID(J86,4,2),LEFT(J86,2))) | M86: APS Received | N86: 66.5 | O86: 65.5 | P86: Bachelor of Computer Application | Q86: Nee Horizon Degree College | R86: Bengaluru | S86: Bangalore University | T86: 2022 | U86: 5.3 CGPA | V86: vybhavib@newhorizonindia.edu
A87: 83 | B87: 319294 | C87: Sahil Kitawat | D87: kitawatsahil1@gmail.com | F87: Male | G87: 36595 | H87: S6861018 | I87: 7977323197 | J87: 22/10/2025 | K87: 5/11/2025 | L87: =IF(K87<>"",K87-J87,TODAY()-DATE(MID(J87,7,4),MID(J87,4,2),LEFT(J87,2))) | M87: APS Received | N87: 66.4 | O87: 48.92 | P87: B.Com Commerce | Q87: Thakur College of Science and Commerce | R87: Mumbai | S87: Thakur College of Science and Commerce | T87: 2021 | U87: 6.2 CGPA | V87: manojkmishra@tcsc.edu.in | AB87: IELTS
A88: 84 | B88: 319959 | C88: Sri Ram Bikkina | D88: srirambikkina2004@gmail.com | F88: Male | G88: 38007 | H88: C4322963 | I88: 9346075107 | J88: 15/10/2025 | K88: 25/11/2025 | L88: =IF(K88<>"",K88-J88,TODAY()-DATE(MID(J88,7,4),MID(J88,4,2),LEFT(J88,2))) | M88: APS Received | N88: 85.6 | O88: 93.9 | P88: B.Tech Computer Science Engineering | Q88: St. Peter's Institute of Higher Education and Research | R88: Andhra Pradesh | S88: St. Peter's Institute of Higher Education and Research | T88: 2025 | U88: 70.2% / 7.0 CGPA | V88: csehod@sipher.ac.in
A89: 85 | B89: 318248 | C89: Gayathri Bandipelly | D89: gayathribandipelly15@gmail.com | F89: Female | G89: 37712 | H89: C8028161 | I89: 7330928827 | J89: 06/10/2025 | K89: 17/10/2025 | L89: =IF(K89<>"",K89-J89,TODAY()-DATE(MID(J89,7,4),MID(J89,4,2),LEFT(J89,2))) | M89: APS Received | N89: 93 | P89: B.Tech Computer Science and Engineering (Data Science) | Q89: Institute of Aeronautical Engineering | R89: Telangana | S89: Institute of Aeronautical Engineering
A90: 86 | B90: 318534 | C90: Shruti Tirlotkar | D90: shrutitirlotkar810@gmail.com | F90: Female | G90: 38018 | H90: AH920427 | I90: 9867795041 | J90: 07/10/2025 | K90: 10/11/2025 | L90: =IF(K90<>"",K90-J90,TODAY()-DATE(MID(J90,7,4),MID(J90,4,2),LEFT(J90,2))) | M90: APS Received | N90: 58.6 | O90: 65.83 | P90: B.Com | Q90: Nava Samaj Mandal Degree College | R90: Mumbai | S90: Nava Samaj Mandal Degree College | T90: 2025
A91: 87 | B91: 318658 | C91: Poreddy Sainath Reddy | D91: sainathporeddy09@gmail.com | F91: Male | G91: 37781 | H91: C2029744 | I91: 7780735887 | J91: 09/10/2025 | K91: 17/11/2025 | L91: =IF(K91<>"",K91-J91,TODAY()-DATE(MID(J91,7,4),MID(J91,4,2),LEFT(J91,2))) | M91: APS Received | N91: 93.1 | O91: 98.6 | P91: B.Tech Computer Science Engineering (Cloud Computing) | Q91: Koneru Lakshaiah Education Foundation | R91: Andhra Pradesh | S91: KL Deemed to be University | T91: 2025 | U91: 85.41% / 8.9 CGPA
A92: 88 | B92: 318129 | C92: Utsav Anshu | D92: utsav.anshu17@gmail.com | F92: Male | G92: 34747 | H92: P0565054 | I92: 7060164391 | J92: 06/10/2025 | K92: 16/10/2025 | L92: =IF(K92<>"",K92-J92,TODAY()-DATE(MID(J92,7,4),MID(J92,4,2),LEFT(J92,2))) | M92: APS Received | N92: 69 | O92: 62 | P92: B.Tech Electrical Engineering | Q92: Noida International University | R92: Noida | S92: Noida International University | T92: 2017 | U92: 5.7 CGPA | V92: swati.singh@niu.edu.in | W92: PG Diploma Banking Services | X92: Manipal Academy of Higher Education | Y92: Manipal University | Z92: 2019 | AA92: 0.89
A93: 89 | B93: 318080 | C93: Sayinah Ali | D93: sayinah01ali@gmail.com | F93: Female | G93: 37039 | H93: Z4580082 | I93: 899649400 | J93: 06/10/2025 | K93: 13/11/2025 | L93: =IF(K93<>"",K93-J93,TODAY()-DATE(MID(J93,7,4),MID(J93,4,2),LEFT(J93,2))) | M93: APS Received | N93: 98 | O93: 87 | P93: B.Tech Computer Science Engineering | Q93: AKTU | R93: Delhi | S93: JSS ATEN | T93: 2023 | U93: 90% / 9.0 CGPA | W93: MSc Data and Computational Science | X93: UCD | Y93: University College Dublin | Z93: 2024 | AA93: 70% / 2.1 CGPA | AB93: IELTS
A94: 90 | B94: 317429 | C94: Niveda Priscilla | D94: nivedaa3@gmail.com | F94: Female | G94: 35971 | H94: U3843833 | I94: 9019549195 | J94: 01/10/2025 | L94: =IF(K94<>"",K94-J94,TODAY()-DATE(MID(J94,7,4),MID(J94,4,2),LEFT(J94,2))) | M94: Pending | N94: 59.68 | O94: 70.5 | P94: B.Com | Q94: PES College of Arts, Science, Mandya | R94: Mandya, Karnataka | S94: University of Mysore | T94: 2023 | U94: 59.49% / 6.0 CGPA | AB94: Both (English & German)
A95: 91 | B95: 292137 | C95: Sameeksha | D95: sameeksha1610@gmail.com | F95: Female | G95: 36164 | H95: X5441201 | I95: 8360390431 | J95: 22/04/2025 | L95: =IF(K95<>"",K95-J95,TODAY()-DATE(MID(J95,7,4),MID(J95,4,2),LEFT(J95,2))) | M95: Pending | N95: 85.5 | P95: Bachelor of Dental Surgery | Q95: Christian Dental College, Ludhiana | R95: Ludhiana, Punjab | S95: Baba Farid University of Health Sciences | T95: 2021 | U95: 0.659 | AB95: IELTS
A96: 92 | B96: 310696 | C96: Vinayak Pundir | D96: vinayakpundir@vinayakpundir.com | F96: Male | G96: 37112 | H96: Z7399672 | I96: 9717120151 | J96: 20/08/2025 | K96: 04/09/2025 | L96: =IF(K96<>"",K96-J96,TODAY()-DATE(MID(J96,7,4),MID(J96,4,2),LEFT(J96,2))) | M96: APS Received | N96: 72.2 | O96: 74.4 | P96: BBA Marketing Management | Q96: Symbiosis Centre for Management Studies, Noida | R96: Noida | S96: Symbiosis International (Deemed University), Pune | T96: 2023 | U96: 62.7% / 6.3 CGPA | V96: priya.grover@scmsnoida.ac.in
A97: 93 | B97: 312562 | C97: J Sagar Gowda | D97: sagargowdaj2073@gmail.com | F97: Male | G97: 37455 | H97: ZA043371 | I97: 9535027772 | J97: 02/09/2025 | K97: 08/10/2025 | L97: =IF(K97<>"",K97-J97,TODAY()-DATE(MID(J97,7,4),MID(J97,4,2),LEFT(J97,2))) | M97: APS Received | N97: 87.04 | O97: 44 | P97: Bachelor of Commerce | Q97: Depaul Degree College | R97: Bangalore, Karnataka | S97: University of Mysore | T97: 2024 | U97: 79.5% / 7.9 CGPA | V97: mlashok@yahoo.co.in | AB97: IELTS
A98: 94 | B98: 311648 | C98: Kirti Verma | D98: kirtiyashverma2@gmail.com | F98: Female | G98: 37664 | H98: Z6436475 | I98: 7488455049 | J98: 27/08/2025 | K98: 02/09/2025 | L98: =IF(K98<>"",K98-J98,TODAY()-DATE(MID(J98,7,4),MID(J98,4,2),LEFT(J98,2))) | M98: APS Received | N98: 77.6 | O98: 87.4 | P98: BA Hons Philosophy | Q98: Gargi College | R98: Delhi | S98: University of Delhi | T98: 2024 | U98: 68% / 6.8 CGPA | V98: saachi.chowdhry@gargi.du.ac.in
A99: 95 | B99: 310588 | C99: Avipsu Sengupta | D99: avipsusengupta1998@gmail.com | F99: Male | G99: 36094 | H99: R8848553 | I99: 9937817996 | J99: 19/08/2025 | K99: 30/09/2025 | L99: =IF(K99<>"",K99-J99,TODAY()-DATE(MID(J99,7,4),MID(J99,4,2),LEFT(J99,2))) | M99: APS Received | N99: 87.5 | O99: 75 | R99: Siliguri, West Bengal | AB99: IELTS
A100: 96 | B100: 273662 | C100: Satvik Ala | D100: itsmesatvik12@gmail.com | F100: Male | G100: 38423 | H100: C3091621 | I100: 6302488421 | J100: 30/01/2025 | K100: 09/05/2025 | L100: =IF(K100<>"",K100-J100,TODAY()-DATE(MID(J100,7,4),MID(J100,4,2),LEFT(J100,2))) | M100: APS Received | N100: 84.8 | O100: 95.6 | P100: BSc Computer Science | Q100: IU International University of Applied Sciences | R100: Online | S100: IU International University of Applied Sciences | AB100: IELTS
...

Sheet 📊 Summary
A1: APS TRACKER — SUMMARY DASHBOARD
A3: Total Applications | C3: Pending | E3: APS Received | G3: High Chances | I3: Avg Days (filled)
A5: =COUNTA('📋 Tracker'!C4:C299) | C5: =COUNTIF('📋 Tracker'!M4:M299,"Pending") | E5: =COUNTIF('📋 Tracker'!M4:M299,"APS Received") | G5: =COUNTIF('📋 Tracker'!#REF!,"🟢 HIGH") | I5: =AVERAGEIFS('📋 Tracker'!L4:L81, '📋 Tracker'!M4:M81, "APS Received")
A9: Category | B9: =COUNTA('📋 Tracker'!C4:C21) | C9: % of Total
A10: 🟢 High Chances | B10: =COUNTIF('📋 Tracker'!#REF!,"🟢 HIGH") | C10: =B10/B9*100
A11: 🟡 Moderate Chances | B11: =COUNTIF('📋 Tracker'!#REF!,"🟡 MODERATE") | C11: =B11/B9*100
A12: 🔴 Low Chances | B12: =COUNTIF('📋 Tracker'!#REF!,"🔴 LOW") | C12: =B12/B9*100
A13: ⚪ Needs Review | B13: =COUNTIF('📋 Tracker'!#REF!,"⚪ NEEDS REVIEW") | C13: =B13/B9*100
A15: Earliest Application | B15: Earliest
A16: Latest Application | B16: Latest
A19: 📌 HOW TO USE: 1) Update APS Received Date (col J) in Tracker when APS arrives 2) Days Elapsed auto-calculates 3) Change Status dropdown (col L) to reflect current state 4) Fill Applied University (col AC) & APS Score (col AD) once known

Sheet 📬 Prof Contacts
A1: PROFESSOR & INSTITUTION CONTACT DIRECTORY
A2: 0 | B2: 0 | C2: 0 | D2: 0 | E2: 0
A3: 0 | B3: FULL NAME | C3: BACHELOR COLLEGE | D3: BACHELOR COURSE | E3: PROFESSOR EMAIL | F3: CONTACTED
A4: 1 | B4: Abhishek Chaurasia | C4: Reena Mehta College | D4: B.Com | E4: enquiry@rmc.edu.in | F4: No
A5: 2 | B5: Anjum Biradar | C5: R.V Dental College | D5: BDS | E5: examination@rguhs.ac.in | F5: No
A6: 3 | B6: Atul Tayade | C6: VIIT | D6: ś | E6: manohar.kodmelwar@viit.ac.in | F6: No
A7: 4 | B7: Digambar Pawar | C7: Dept of Technology Shivaji University | D7: B.Tech | E7: cja_tech@unishivaji.ac.in | F7: No
A8: 5 | B8: Faiq Faiq | C8: BUEST | D8: B.Tech | E8: registrar@baddiuniv.ac.in | F8: No
A9: 6 | B9: Gaurav | C9: YMCA University | D9: B.Tech | E9: result001@jcboseust.ac.in | F9: No
A10: 7 | B10: Hemanth Urs H R | C10: Malnad College of Engineering | D10: BE | E10: 0 | F10: No
A11: 8 | B11: Huynh Thao Muoi | C11: University of Information Technology – VNUHCM | D11: BSc | E11: 0 | F11: No
A12: 9 | B12: Lakshana Ragunathan | C12: Muthayammal Engineering College | D12: BE | E12: hod.cse@mec.edu.in | F12: No
A13: 10 | B13: Nagabhushan C R | C13: RNS Institute of Technology | D13: BE | E13: hod.civil@rnsit.ac.in | F13: No
A14: 11 | B14: Neha Abhyankar | C14: IIFTR | D14: Bachelor in Foreign Trade | E14: registrar.davv@dauniv.ac.in | F14: No
A15: 12 | B15: Nishant Prajapati | C15: H.N.S.B Bank Ltd. Science College | D15: BSc Chemistry | E15: regi@ngu.ac.in | F15: No
A16: 13 | B16: Prethiviraj B | C16: Presidency University | D16: B.Tech Mechatronics | E16: 0 | F16: No
A17: 14 | B17: Reacha Kain | C17: Geethanjali College of Engg & Tech | D17: B.Tech CS (Cyber Security) | E17: cshead@gcet.edu.in | F17: No
A18: 15 | B18: Rohit Masti | C18: D.Y. Patil College of Engg, Kolhapur | D18: B.Tech CS (AI-ML) | E18: siddheshwarvpatil.dypcet@dypgroup.edu.in | F18: No
A19: 16 | B19: Sachin D. Shingade | C19: Late N.B. Chhabada Inst of Engg | D19: BE Electronics & Telecom | E19: sfc@unishivaji.ac.in | F19: No
A20: 17 | B20: Sheikh Nazir Hussain | C20: R R Institute of Technology | D20: BE Mechanical | E20: contact@rrinstitutions.in | F20: No
A21: 18 | B21: Sneha Jogi | C21: M.P. Shah Municipal Commerce College | D21: BCom | E21: info@mpsccjam.org | F21: No
A22: 19 | B22: Sujay Laxman H M | C22: School of Mechanical, Reva University | D22: B.Tech Mechanical | E22: balajis@reva.edu.in | F22: No
A23: 20 | B23: venuvardhan | C23: Mewar University | D23: Diploma | E23: amit_kumar@mewaruniversity.co.in | F23: No
A24: 21 | B24: vaishnavi netke | C24: Garware institute of career education and development | D24: Business Management Studies | E24: suhas.worlikar@finxpert.org | F24: No
A25: 22 | B25: Ajay Kumar | C25: RKSD College | D25: BBA | E25: principal@rksdcollege.ac.in | F25: No
A26: 23 | B26: Sahana Balaram | C26: KLSE Societys Degree College | D26: B.Com | E26: madhan17anitha@gmail.com | F26: No
A27: 24 | B27: Kriti Pallavi | C27: ITS Centre for Dental Studies and Research | D27: BDS | E27: drsaurabhjuneja@gmail.com | F27: No
A28: 25 | B28: Sakina Panvelwala | C28: SIES College of Arts, Science and Commerc | D28: B.Com | E28: bhumikam@sies.edu.in | F28: No
A29: 26 | B29: Neeraj Singh | C29: Atma Ram Sanatan Dharma College | D29: B.com | E29: knegi@arsd.du.ac.in | F29: No
A30: 27 | B30: Amatul Haseeb Maseera | C30: MRM College of Pharmecy | D30: Bachelors of Pharmecy | E30: 0 | F30: No
A31: 28 | B31: Adithya Vincent Sindhu | C31: ISDC | D31: Bachelor’s of vocational studies | E31: enquiry@jainskills.com | F31: No
A32: 29 | B32: Atharva Kumbhar | C32: Ramsheth Thakur College of Science and Commerce | D32: Bachelors in Management Studies | E32: 0 | F32: No
A33: 30 | B33: Vanshika Gupta | C33: Hindu College, Moradabad | D33: Mahatma Jyotiba Phule Rohilkhand University, Bareilly | E33: 0 | F33: No
A34: 31 | B34: ='📋 Tracker'!C37 | C34: CMR College of Engineering & Technology | D34: ='📋 Tracker'!P37 | E34: ='📋 Tracker'!V37 | F34: No
A35: 32 | B35: ='📋 Tracker'!C38 | C35: ='📋 Tracker'!Q38 | D35: ='📋 Tracker'!P38 | E35: ='📋 Tracker'!V38 | F35: No
A36: 33 | B36: ='📋 Tracker'!C39 | C36: ='📋 Tracker'!Q39 | D36: ='📋 Tracker'!P39 | E36: ='📋 Tracker'!V39 | F36: No
A37: 34 | B37: ='📋 Tracker'!C40 | C37: ='📋 Tracker'!Q40 | D37: ='📋 Tracker'!P40 | E37: ='📋 Tracker'!V40 | F37: No
A38: 35 | B38: ='📋 Tracker'!C41 | C38: ='📋 Tracker'!Q41 | D38: ='📋 Tracker'!P41 | E38: ='📋 Tracker'!V41 | F38: No
A39: 36 | B39: ='📋 Tracker'!C42 | C39: ='📋 Tracker'!Q42 | D39: ='📋 Tracker'!P42 | E39: ='📋 Tracker'!V42 | F39: No
A40: 37 | B40: ='📋 Tracker'!C43 | C40: ='📋 Tracker'!Q43 | D40: ='📋 Tracker'!P43 | E40: ='📋 Tracker'!V43 | F40: No
A41: 38 | B41: ='📋 Tracker'!C44 | C41: ='📋 Tracker'!Q44 | D41: ='📋 Tracker'!P44 | E41: ='📋 Tracker'!V44 | F41: No
A42: 39 | B42: ='📋 Tracker'!C45 | C42: ='📋 Tracker'!Q45 | D42: ='📋 Tracker'!P45 | E42: ='📋 Tracker'!V45 | F42: No
A43: 40 | B43: ='📋 Tracker'!C46 | C43: ='📋 Tracker'!Q46 | D43: ='📋 Tracker'!P46 | E43: ='📋 Tracker'!V46 | F43: No
A44: 41 | B44: ='📋 Tracker'!C47 | C44: ='📋 Tracker'!Q47 | D44: ='📋 Tracker'!P47 | E44: ='📋 Tracker'!V47 | F44: No
A45: 42 | B45: ='📋 Tracker'!C48 | C45: ='📋 Tracker'!Q48 | D45: ='📋 Tracker'!P48 | E45: ='📋 Tracker'!V48 | F45: No
A46: 43 | B46: ='📋 Tracker'!C49 | C46: ='📋 Tracker'!Q49 | D46: ='📋 Tracker'!P49 | E46: ='📋 Tracker'!V49 | F46: No
... A98: 95 | B98: ='📋 Tracker'!C101 | C98: ='📋 Tracker'!Q101 | D98: ='📋 Tracker'!P101 | E98: ='📋 Tracker'!V101 | F98: No
A99: 98 | B99: Samrat Gade | C99: SIT Sinhgad Institute Of Technology Lonavala | D99: B.E (Mechanical) | F99: No
A100: 99 | B100: Nandini Goyal | C100: Brihan Maharashtra College of Commerce | D100: B.Com (Finance) | F100: No
A101: 100 | B101: Beulah Marrivada | C101: IU International University of Applied Sciences | D101: BSc Computer Science | F101: No
A102: 101 | B102: Adil Kadirahmed Malik | F102: No
A103: 102 | B103: Sanketh Ponnappa AK | D103: BBA (Honours) | E103: Krupa.s@reva.edu.in | F103: No
A104: 103 | B104: Sharon M Das | C104: Lowry Adventist College | D104: BBA | E104: ajaidavid@lowryinstitutions.org.in | F104: No
A105: 104 | B105: Clavin Clement Rodrigues | C105: Sahyadri Commerce and Management College | D105: BBA (Tourism and Travel) | F105: No
A106: 105 | B106: Kavya Channabasappa | C106: Sidganga Evening College | D106: B.Com (Accounting & Taxation) | E106: registrar@bangaloreuniversity.ac.in | F106: No
A107: 106 | B107: Preetham Uthappa | F107: No
A108: 107 | B108: Chandan S S | C108: Jain College | D108: B.Com (Finance) | E108: registrarevaluation@bub.ernet.in | F108: No
A109: 108 | B109: Lateshkumar N | C109: Malnad College of Engineering | D109: B.E (Electrical & Electronics) | E109: sr@mcehassan.ac.in | F109: No
A110: 109 | B110: Numan Tariq Fafoo | C110: IU International University of Applied Sciences | D110: B.Sc Computer Science | E110: cornelia.heinisch@iu.org | F110: No
A111: 110 | B111: Manikanta Narayanadas | C111: GITAM | D111: B.Tech (CSE) | E111: vkommana@gitam.edu | F111: No
